Filename;Annotation tag;Upper left corner X;Upper left corner Y;Lower right corner X;Lower right corner Y;Occluded,On another road;Origin file;Origin frame number;Origin track;Origin track frame number
speedLimit_1331865188.avi_image0.png;speedLimit35;832;98;877;151;0,0;aiua120214-1/DataLog02142012_001_external_camera.avi;2381;speedLimit_1331865188.avi;2
speedLimit_1331865188.avi_image1.png;speedLimit35;890;72;944;137;0,0;aiua120214-1/DataLog02142012_001_external_camera.avi;2386;speedLimit_1331865188.avi;7
signalAhead_1331865332.avi_image0.png;signalAhead;81;145;170;234;0,0;aiua120214-1/DataLog02142012_001_external_camera.avi;5872;signalAhead_1331865332.avi;2
merge_1331865351.avi_image0.png;merge;472;165;511;205;0,0;aiua120214-1/DataLog02142012_001_external_camera.avi;6295;merge_1331865351.avi;2
merge_1331865351.avi_image1.png;merge;447;162;491;207;0,0;aiua120214-1/DataLog02142012_001_external_camera.avi;6300;merge_1331865351.avi;7
merge_1331865351.avi_image2.png;merge;419;162;467;213;0,0;aiua120214-1/DataLog02142012_001_external_camera.avi;6305;merge_1331865351.avi;12
merge_1331865351.avi_image3.png;merge;383;156;439;214;0,0;aiua120214-1/DataLog02142012_001_external_camera.avi;6310;merge_1331865351.avi;17
merge_1331865351.avi_image4.png;merge;336;146;402;213;0,0;aiua120214-1/DataLog02142012_001_external_camera.avi;6315;merge_1331865351.avi;22
merge_1331865351.avi_image5.png;merge;275;124;353;204;0,0;aiua120214-1/DataLog02142012_001_external_camera.avi;6320;merge_1331865351.avi;27
merge_1331865351.avi_image6.png;merge;186;94;281;196;0,0;aiua120214-1/DataLog02142012_001_external_camera.avi;6325;merge_1331865351.avi;32
merge_1331865351.avi_image7.png;merge;46;51;171;184;0,0;aiua120214-1/DataLog02142012_001_external_camera.avi;6330;merge_1331865351.avi;37
addedLane_1331865401.avi_image1.png;addedLane;608;193;637;222;0,0;aiua120214-1/DataLog02142012_001_external_camera.avi;7508;addedLane_1331865401.avi;7
addedLane_1331865401.avi_image2.png;addedLane;617;192;647;223;0,0;aiua120214-1/DataLog02142012_001_external_camera.avi;7513;addedLane_1331865401.avi;12
addedLane_1331865401.avi_image3.png;addedLane;626;188;662;223;0,0;aiua120214-1/DataLog02142012_001_external_camera.avi;7518;addedLane_1331865401.avi;17
addedLane_1331865401.avi_image4.png;addedLane;636;181;676;221;0,0;aiua120214-1/DataLog02142012_001_external_camera.avi;7523;addedLane_1331865401.avi;22
addedLane_1331865401.avi_image5.png;addedLane;650;176;692;218;0,0;aiua120214-1/DataLog02142012_001_external_camera.avi;7528;addedLane_1331865401.avi;27
addedLane_1331865401.avi_image6.png;addedLane;669;168;712;213;0,0;aiua120214-1/DataLog02142012_001_external_camera.avi;7533;addedLane_1331865401.avi;32
addedLane_1331865401.avi_image7.png;addedLane;689;158;739;209;0,0;aiua120214-1/DataLog02142012_001_external_camera.avi;7538;addedLane_1331865401.avi;37
addedLane_1331865401.avi_image8.png;addedLane;717;150;773;207;0,0;aiua120214-1/DataLog02142012_001_external_camera.avi;7543;addedLane_1331865401.avi;42
addedLane_1331865401.avi_image9.png;addedLane;755;134;823;203;0,0;aiua120214-1/DataLog02142012_001_external_camera.avi;7548;addedLane_1331865401.avi;47
addedLane_1331865401.avi_image10.png;addedLane;810;116;894;201;0,0;aiua120214-1/DataLog02142012_001_external_camera.avi;7553;addedLane_1331865401.avi;52
addedLane_1331865401.avi_image11.png;addedLane;899;83;1007;188;0,0;aiua120214-1/DataLog02142012_001_external_camera.avi;7558;addedLane_1331865401.avi;57
addedLane_1331865410.avi_image1.png;addedLane;722;166;757;202;0,0;aiua120214-1/DataLog02142012_001_external_camera.avi;7657;addedLane_1331865410.avi;7
addedLane_1331865410.avi_image2.png;addedLane;745;159;785;201;0,0;aiua120214-1/DataLog02142012_001_external_camera.avi;7662;addedLane_1331865410.avi;12
addedLane_1331865410.avi_image3.png;addedLane;775;148;818;194;0,0;aiua120214-1/DataLog02142012_001_external_camera.avi;7667;addedLane_1331865410.avi;17
addedLane_1331865410.avi_image4.png;addedLane;815;138;865;189;0,0;aiua120214-1/DataLog02142012_001_external_camera.avi;7672;addedLane_1331865410.avi;22
addedLane_1331865410.avi_image5.png;addedLane;865;125;925;186;0,0;aiua120214-1/DataLog02142012_001_external_camera.avi;7677;addedLane_1331865410.avi;27
addedLane_1331865410.avi_image6.png;addedLane;939;108;1006;179;0,0;aiua120214-1/DataLog02142012_001_external_camera.avi;7682;addedLane_1331865410.avi;32
addedLane_1331865464.avi_image0.png;addedLane;347;129;406;194;0,0;aiua120214-1/DataLog02142012_001_external_camera.avi;8875;addedLane_1331865464.avi;2
addedLane_1331865464.avi_image1.png;addedLane;282;109;355;188;0,0;aiua120214-1/DataLog02142012_001_external_camera.avi;8880;addedLane_1331865464.avi;7
addedLane_1331865464.avi_image2.png;addedLane;188;76;279;178;0,0;aiua120214-1/DataLog02142012_001_external_camera.avi;8885;addedLane_1331865464.avi;12
addedLane_1331865464.avi_image3.png;addedLane;26;12;151;161;0,0;aiua120214-1/DataLog02142012_001_external_camera.avi;8890;addedLane_1331865464.avi;17
laneEnds_1331865467.avi_image0.png;laneEnds;819;134;868;182;0,0;aiua120214-1/DataLog02142012_001_external_camera.avi;8918;laneEnds_1331865467.avi;2
laneEnds_1331865467.avi_image1.png;laneEnds;846;127;900;179;0,0;aiua120214-1/DataLog02142012_001_external_camera.avi;8923;laneEnds_1331865467.avi;7
laneEnds_1331865467.avi_image2.png;laneEnds;886;107;948;173;0,0;aiua120214-1/DataLog02142012_001_external_camera.avi;8928;laneEnds_1331865467.avi;12
addedLane_1331865632.avi_image2.png;addedLane;593;161;626;194;0,0;aiua120214-1/DataLog02142012_001_external_camera.avi;12183;addedLane_1331865632.avi;12
addedLane_1331865632.avi_image3.png;addedLane;603;155;639;191;0,0;aiua120214-1/DataLog02142012_001_external_camera.avi;12188;addedLane_1331865632.avi;17
addedLane_1331865632.avi_image4.png;addedLane;615;149;656;189;0,0;aiua120214-1/DataLog02142012_001_external_camera.avi;12193;addedLane_1331865632.avi;22
addedLane_1331865632.avi_image5.png;addedLane;629;140;673;184;0,0;aiua120214-1/DataLog02142012_001_external_camera.avi;12198;addedLane_1331865632.avi;27
addedLane_1331865632.avi_image6.png;addedLane;648;131;697;183;0,0;aiua120214-1/DataLog02142012_001_external_camera.avi;12203;addedLane_1331865632.avi;32
addedLane_1331865632.avi_image7.png;addedLane;669;116;731;177;0,0;aiua120214-1/DataLog02142012_001_external_camera.avi;12208;addedLane_1331865632.avi;37
addedLane_1331865632.avi_image8.png;addedLane;705;98;777;171;0,0;aiua120214-1/DataLog02142012_001_external_camera.avi;12213;addedLane_1331865632.avi;42
addedLane_1331865632.avi_image9.png;addedLane;755;68;848;161;0,0;aiua120214-1/DataLog02142012_001_external_camera.avi;12218;addedLane_1331865632.avi;47
addedLane_1331865632.avi_image10.png;addedLane;843;12;966;139;0,0;aiua120214-1/DataLog02142012_001_external_camera.avi;12223;addedLane_1331865632.avi;52
rampSpeedAdvisory_1331865676.avi_image0.png;rampSpeedAdvisory40;851;175;882;212;0,1;aiua120214-1/DataLog02142012_001_external_camera.avi;12972;rampSpeedAdvisory_1331865676.avi;2
rampSpeedAdvisory_1331865676.avi_image1.png;rampSpeedAdvisory40;885;167;920;211;0,1;aiua120214-1/DataLog02142012_001_external_camera.avi;12977;rampSpeedAdvisory_1331865676.avi;7
rampSpeedAdvisory_1331865676.avi_image2.png;rampSpeedAdvisory40;927;164;966;214;0,1;aiua120214-1/DataLog02142012_001_external_camera.avi;12982;rampSpeedAdvisory_1331865676.avi;12
rampSpeedAdvisory_1331865682.avi_image0.png;rampSpeedAdvisory45;304;132;356;197;0,0;aiua120214-1/DataLog02142012_001_external_camera.avi;13047;rampSpeedAdvisory_1331865682.avi;2
rampSpeedAdvisory_1331865682.avi_image1.png;rampSpeedAdvisory45;262;115;323;193;0,0;aiua120214-1/DataLog02142012_001_external_camera.avi;13052;rampSpeedAdvisory_1331865682.avi;7
rampSpeedAdvisory_1331865682.avi_image2.png;rampSpeedAdvisory45;201;87;277;183;0,0;aiua120214-1/DataLog02142012_001_external_camera.avi;13057;rampSpeedAdvisory_1331865682.avi;12
rampSpeedAdvisory_1331865682.avi_image3.png;rampSpeedAdvisory45;104;47;204;172;0,0;aiua120214-1/DataLog02142012_001_external_camera.avi;13062;rampSpeedAdvisory_1331865682.avi;17
addedLane_1331865690.avi_image1.png;addedLane;554;184;586;218;0,0;aiua120214-1/DataLog02142012_001_external_camera.avi;13192;addedLane_1331865690.avi;7
addedLane_1331865690.avi_image2.png;addedLane;532;177;565;214;0,0;aiua120214-1/DataLog02142012_001_external_camera.avi;13197;addedLane_1331865690.avi;12
addedLane_1331865690.avi_image3.png;addedLane;505;174;542;215;0,0;aiua120214-1/DataLog02142012_001_external_camera.avi;13202;addedLane_1331865690.avi;17
addedLane_1331865690.avi_image4.png;addedLane;475;174;518;216;0,0;aiua120214-1/DataLog02142012_001_external_camera.avi;13207;addedLane_1331865690.avi;22
addedLane_1331865690.avi_image5.png;addedLane;445;167;490;213;0,0;aiua120214-1/DataLog02142012_001_external_camera.avi;13212;addedLane_1331865690.avi;27
addedLane_1331865690.avi_image6.png;addedLane;415;156;464;208;0,0;aiua120214-1/DataLog02142012_001_external_camera.avi;13217;addedLane_1331865690.avi;32
addedLane_1331865690.avi_image7.png;addedLane;377;146;434;202;0,0;aiua120214-1/DataLog02142012_001_external_camera.avi;13222;addedLane_1331865690.avi;37
addedLane_1331865690.avi_image8.png;addedLane;333;136;399;202;0,0;aiua120214-1/DataLog02142012_001_external_camera.avi;13227;addedLane_1331865690.avi;42
addedLane_1331865690.avi_image9.png;addedLane;276;111;352;189;0,0;aiua120214-1/DataLog02142012_001_external_camera.avi;13232;addedLane_1331865690.avi;47
addedLane_1331865690.avi_image10.png;addedLane;196;84;291;183;0,0;aiua120214-1/DataLog02142012_001_external_camera.avi;13237;addedLane_1331865690.avi;52
addedLane_1331865690.avi_image11.png;addedLane;68;34;192;163;0,0;aiua120214-1/DataLog02142012_001_external_camera.avi;13242;addedLane_1331865690.avi;57
merge_1331865695.avi_image0.png;merge;820;142;856;180;0,0;aiua120214-1/DataLog02142012_001_external_camera.avi;13275;merge_1331865695.avi;2
merge_1331865695.avi_image1.png;merge;823;139;864;180;0,0;aiua120214-1/DataLog02142012_001_external_camera.avi;13280;merge_1331865695.avi;7
merge_1331865695.avi_image2.png;merge;833;137;878;181;0,0;aiua120214-1/DataLog02142012_001_external_camera.avi;13285;merge_1331865695.avi;12
merge_1331865695.avi_image3.png;merge;852;129;901;179;0,0;aiua120214-1/DataLog02142012_001_external_camera.avi;13290;merge_1331865695.avi;17
merge_1331865695.avi_image4.png;merge;879;120;934;176;0,0;aiua120214-1/DataLog02142012_001_external_camera.avi;13295;merge_1331865695.avi;22
merge_1331865695.avi_image5.png;merge;921;106;985;172;0,0;aiua120214-1/DataLog02142012_001_external_camera.avi;13300;merge_1331865695.avi;27
merge_1331865710.avi_image0.png;laneEnds;670;171;700;200;0,0;aiua120214-1/DataLog02142012_001_external_camera.avi;13522;merge_1331865710.avi;2
merge_1331865710.avi_image1.png;laneEnds;690;171;720;200;0,0;aiua120214-1/DataLog02142012_001_external_camera.avi;13527;merge_1331865710.avi;7
merge_1331865710.avi_image2.png;laneEnds;711;165;745;200;0,0;aiua120214-1/DataLog02142012_001_external_camera.avi;13532;merge_1331865710.avi;12
merge_1331865710.avi_image3.png;laneEnds;741;162;777;199;0,0;aiua120214-1/DataLog02142012_001_external_camera.avi;13537;merge_1331865710.avi;17
merge_1331865710.avi_image4.png;laneEnds;773;154;818;200;0,0;aiua120214-1/DataLog02142012_001_external_camera.avi;13542;merge_1331865710.avi;22
merge_1331865710.avi_image5.png;laneEnds;823;144;871;194;0,0;aiua120214-1/DataLog02142012_001_external_camera.avi;13547;merge_1331865710.avi;27
merge_1331865710.avi_image6.png;laneEnds;883;133;945;194;0,0;aiua120214-1/DataLog02142012_001_external_camera.avi;13552;merge_1331865710.avi;32
merge_1331865721.avi_image0.png;merge;572;179;598;204;0,0;aiua120214-1/DataLog02142012_001_external_camera.avi;13749;merge_1331865721.avi;2
merge_1331865721.avi_image1.png;merge;575;175;602;204;0,0;aiua120214-1/DataLog02142012_001_external_camera.avi;13754;merge_1331865721.avi;7
merge_1331865721.avi_image2.png;merge;578;170;612;203;0,0;aiua120214-1/DataLog02142012_001_external_camera.avi;13759;merge_1331865721.avi;12
merge_1331865721.avi_image3.png;merge;585;163;620;199;0,0;aiua120214-1/DataLog02142012_001_external_camera.avi;13764;merge_1331865721.avi;17
merge_1331865721.avi_image4.png;merge;592;158;630;197;0,0;aiua120214-1/DataLog02142012_001_external_camera.avi;13769;merge_1331865721.avi;22
merge_1331865721.avi_image5.png;merge;606;151;648;194;0,0;aiua120214-1/DataLog02142012_001_external_camera.avi;13774;merge_1331865721.avi;27
merge_1331865721.avi_image6.png;merge;622;142;672;188;0,0;aiua120214-1/DataLog02142012_001_external_camera.avi;13779;merge_1331865721.avi;32
merge_1331865721.avi_image7.png;merge;645;126;702;182;0,0;aiua120214-1/DataLog02142012_001_external_camera.avi;13784;merge_1331865721.avi;37
merge_1331865721.avi_image8.png;merge;680;106;747;174;0,0;aiua120214-1/DataLog02142012_001_external_camera.avi;13789;merge_1331865721.avi;42
merge_1331865721.avi_image9.png;merge;730;81;814;165;0,0;aiua120214-1/DataLog02142012_001_external_camera.avi;13794;merge_1331865721.avi;47
merge_1331865721.avi_image10.png;merge;807;34;919;145;0,0;aiua120214-1/DataLog02142012_001_external_camera.avi;13799;merge_1331865721.avi;52
laneEnds_1331865727.avi_image0.png;laneEnds;655;203;675;222;0,0;aiua120214-1/DataLog02142012_001_external_camera.avi;13876;laneEnds_1331865727.avi;2
laneEnds_1331865727.avi_image1.png;laneEnds;659;204;681;224;0,0;aiua120214-1/DataLog02142012_001_external_camera.avi;13881;laneEnds_1331865727.avi;7
laneEnds_1331865727.avi_image2.png;laneEnds;668;197;691;220;0,0;aiua120214-1/DataLog02142012_001_external_camera.avi;13886;laneEnds_1331865727.avi;12
laneEnds_1331865727.avi_image3.png;laneEnds;678;197;701;220;0,0;aiua120214-1/DataLog02142012_001_external_camera.avi;13891;laneEnds_1331865727.avi;17
laneEnds_1331865727.avi_image4.png;laneEnds;693;196;717;220;0,0;aiua120214-1/DataLog02142012_001_external_camera.avi;13896;laneEnds_1331865727.avi;22
laneEnds_1331865727.avi_image5.png;laneEnds;711;193;736;219;0,0;aiua120214-1/DataLog02142012_001_external_camera.avi;13901;laneEnds_1331865727.avi;27
laneEnds_1331865727.avi_image6.png;laneEnds;732;187;761;215;0,0;aiua120214-1/DataLog02142012_001_external_camera.avi;13906;laneEnds_1331865727.avi;32
laneEnds_1331865727.avi_image7.png;laneEnds;762;180;793;213;0,0;aiua120214-1/DataLog02142012_001_external_camera.avi;13911;laneEnds_1331865727.avi;37
laneEnds_1331865727.avi_image8.png;laneEnds;799;180;832;215;0,0;aiua120214-1/DataLog02142012_001_external_camera.avi;13916;laneEnds_1331865727.avi;42
laneEnds_1331865727.avi_image9.png;laneEnds;842;183;882;221;0,0;aiua120214-1/DataLog02142012_001_external_camera.avi;13921;laneEnds_1331865727.avi;47
laneEnds_1331865727.avi_image10.png;laneEnds;896;178;939;221;0,0;aiua120214-1/DataLog02142012_001_external_camera.avi;13926;laneEnds_1331865727.avi;52
laneEnds_1331865727.avi_image11.png;laneEnds;963;167;1011;215;0,0;aiua120214-1/DataLog02142012_001_external_camera.avi;13931;laneEnds_1331865727.avi;57
addedLane_1331865769.avi_image0.png;addedLane;678;180;707;205;0,0;aiua120214-1/DataLog02142012_001_external_camera.avi;14799;addedLane_1331865769.avi;2
addedLane_1331865769.avi_image1.png;addedLane;691;178;717;203;0,0;aiua120214-1/DataLog02142012_001_external_camera.avi;14804;addedLane_1331865769.avi;7
addedLane_1331865769.avi_image2.png;addedLane;703;173;731;200;0,0;aiua120214-1/DataLog02142012_001_external_camera.avi;14809;addedLane_1331865769.avi;12
addedLane_1331865769.avi_image3.png;addedLane;716;172;749;203;0,0;aiua120214-1/DataLog02142012_001_external_camera.avi;14814;addedLane_1331865769.avi;17
addedLane_1331865769.avi_image4.png;addedLane;735;169;770;204;0,0;aiua120214-1/DataLog02142012_001_external_camera.avi;14819;addedLane_1331865769.avi;22
addedLane_1331865769.avi_image5.png;addedLane;758;164;795;202;0,0;aiua120214-1/DataLog02142012_001_external_camera.avi;14824;addedLane_1331865769.avi;27
addedLane_1331865769.avi_image6.png;addedLane;785;157;827;201;0,0;aiua120214-1/DataLog02142012_001_external_camera.avi;14829;addedLane_1331865769.avi;32
addedLane_1331865769.avi_image7.png;addedLane;820;142;869;193;0,0;aiua120214-1/DataLog02142012_001_external_camera.avi;14834;addedLane_1331865769.avi;37
addedLane_1331865769.avi_image8.png;addedLane;870;126;927;186;0,0;aiua120214-1/DataLog02142012_001_external_camera.avi;14839;addedLane_1331865769.avi;42
addedLane_1331865769.avi_image9.png;addedLane;940;110;1008;181;0,0;aiua120214-1/DataLog02142012_001_external_camera.avi;14844;addedLane_1331865769.avi;47
curveRight_1331865817.avi_image0.png;curveRight;721;156;763;199;0,0;aiua120214-1/DataLog02142012_001_external_camera.avi;15824;curveRight_1331865817.avi;2
curveRight_1331865817.avi_image1.png;curveRight;747;145;796;195;0,0;aiua120214-1/DataLog02142012_001_external_camera.avi;15829;curveRight_1331865817.avi;7
curveRight_1331865817.avi_image2.png;curveRight;783;135;838;193;0,0;aiua120214-1/DataLog02142012_001_external_camera.avi;15834;curveRight_1331865817.avi;12
curveRight_1331865817.avi_image3.png;curveRight;829;120;894;188;0,0;aiua120214-1/DataLog02142012_001_external_camera.avi;15839;curveRight_1331865817.avi;17
curveRight_1331865817.avi_image4.png;curveRight;893;96;973;174;0,0;aiua120214-1/DataLog02142012_001_external_camera.avi;15844;curveRight_1331865817.avi;22
addedLane_1331865841.avi_image0.png;addedLane;417;126;480;190;0,0;aiua120214-1/DataLog02142012_001_external_camera.avi;16317;addedLane_1331865841.avi;2
addedLane_1331865841.avi_image1.png;addedLane;367;106;443;182;0,0;aiua120214-1/DataLog02142012_001_external_camera.avi;16322;addedLane_1331865841.avi;7
addedLane_1331865841.avi_image2.png;addedLane;304;82;394;175;0,0;aiua120214-1/DataLog02142012_001_external_camera.avi;16327;addedLane_1331865841.avi;12
addedLane_1331865841.avi_image3.png;addedLane;214;47;328;165;0,0;aiua120214-1/DataLog02142012_001_external_camera.avi;16332;addedLane_1331865841.avi;17
addedLane_1331865882.avi_image0.png;addedLane;563;201;580;218;0,0;aiua120214-1/DataLog02142012_001_external_camera.avi;17322;addedLane_1331865882.avi;2
addedLane_1331865882.avi_image1.png;addedLane;564;201;581;218;0,0;aiua120214-1/DataLog02142012_001_external_camera.avi;17327;addedLane_1331865882.avi;7
addedLane_1331865882.avi_image2.png;addedLane;565;200;582;217;0,0;aiua120214-1/DataLog02142012_001_external_camera.avi;17332;addedLane_1331865882.avi;12
addedLane_1331865882.avi_image3.png;addedLane;567;201;584;218;0,0;aiua120214-1/DataLog02142012_001_external_camera.avi;17337;addedLane_1331865882.avi;17
addedLane_1331865882.avi_image4.png;addedLane;567;205;586;223;0,0;aiua120214-1/DataLog02142012_001_external_camera.avi;17342;addedLane_1331865882.avi;22
addedLane_1331865882.avi_image5.png;addedLane;569;204;588;222;0,0;aiua120214-1/DataLog02142012_001_external_camera.avi;17347;addedLane_1331865882.avi;27
addedLane_1331865882.avi_image6.png;addedLane;573;204;592;223;0,0;aiua120214-1/DataLog02142012_001_external_camera.avi;17352;addedLane_1331865882.avi;32
addedLane_1331865882.avi_image7.png;addedLane;575;192;596;214;0,0;aiua120214-1/DataLog02142012_001_external_camera.avi;17357;addedLane_1331865882.avi;37
addedLane_1331865882.avi_image8.png;addedLane;580;190;602;213;0,0;aiua120214-1/DataLog02142012_001_external_camera.avi;17362;addedLane_1331865882.avi;42
addedLane_1331865882.avi_image9.png;addedLane;584;193;606;216;0,0;aiua120214-1/DataLog02142012_001_external_camera.avi;17367;addedLane_1331865882.avi;47
addedLane_1331865882.avi_image10.png;addedLane;588;188;613;213;0,0;aiua120214-1/DataLog02142012_001_external_camera.avi;17372;addedLane_1331865882.avi;52
addedLane_1331865882.avi_image11.png;addedLane;594;178;620;204;0,0;aiua120214-1/DataLog02142012_001_external_camera.avi;17377;addedLane_1331865882.avi;57
addedLane_1331865882.avi_image12.png;addedLane;600;185;628;212;0,0;aiua120214-1/DataLog02142012_001_external_camera.avi;17382;addedLane_1331865882.avi;62
addedLane_1331865882.avi_image13.png;addedLane;608;174;637;203;0,0;aiua120214-1/DataLog02142012_001_external_camera.avi;17387;addedLane_1331865882.avi;67
addedLane_1331865882.avi_image14.png;addedLane;618;170;648;201;0,0;aiua120214-1/DataLog02142012_001_external_camera.avi;17392;addedLane_1331865882.avi;72
addedLane_1331865882.avi_image15.png;addedLane;629;174;663;208;0,0;aiua120214-1/DataLog02142012_001_external_camera.avi;17397;addedLane_1331865882.avi;77
addedLane_1331865882.avi_image16.png;addedLane;641;171;678;206;0,0;aiua120214-1/DataLog02142012_001_external_camera.avi;17402;addedLane_1331865882.avi;82
addedLane_1331865882.avi_image17.png;addedLane;653;167;693;207;0,0;aiua120214-1/DataLog02142012_001_external_camera.avi;17407;addedLane_1331865882.avi;87
addedLane_1331865882.avi_image18.png;addedLane;669;157;713;202;0,0;aiua120214-1/DataLog02142012_001_external_camera.avi;17412;addedLane_1331865882.avi;92
addedLane_1331865882.avi_image19.png;addedLane;689;148;738;197;0,0;aiua120214-1/DataLog02142012_001_external_camera.avi;17417;addedLane_1331865882.avi;97
addedLane_1331865882.avi_image20.png;addedLane;713;141;769;196;0,0;aiua120214-1/DataLog02142012_001_external_camera.avi;17422;addedLane_1331865882.avi;102
addedLane_1331865882.avi_image21.png;addedLane;746;124;812;190;0,0;aiua120214-1/DataLog02142012_001_external_camera.avi;17427;addedLane_1331865882.avi;107
addedLane_1331865882.avi_image22.png;addedLane;795;99;874;180;0,0;aiua120214-1/DataLog02142012_001_external_camera.avi;17432;addedLane_1331865882.avi;112
addedLane_1331865882.avi_image23.png;addedLane;869;67;968;168;0,0;aiua120214-1/DataLog02142012_001_external_camera.avi;17437;addedLane_1331865882.avi;117
speedLimit_1331865914.avi_image0.png;speedLimit65;638;183;660;207;0,0;aiua120214-1/DataLog02142012_001_external_camera.avi;18079;speedLimit_1331865914.avi;2
speedLimit_1331865914.avi_image1.png;speedLimit65;642;180;665;206;0,0;aiua120214-1/DataLog02142012_001_external_camera.avi;18084;speedLimit_1331865914.avi;7
speedLimit_1331865914.avi_image2.png;speedLimit65;648;174;673;204;0,0;aiua120214-1/DataLog02142012_001_external_camera.avi;18089;speedLimit_1331865914.avi;12
speedLimit_1331865914.avi_image3.png;speedLimit65;656;172;681;202;0,0;aiua120214-1/DataLog02142012_001_external_camera.avi;18094;speedLimit_1331865914.avi;17
speedLimit_1331865914.avi_image4.png;speedLimit65;666;167;693;200;0,0;aiua120214-1/DataLog02142012_001_external_camera.avi;18099;speedLimit_1331865914.avi;22
speedLimit_1331865914.avi_image5.png;speedLimit65;676;163;706;200;0,0;aiua120214-1/DataLog02142012_001_external_camera.avi;18104;speedLimit_1331865914.avi;27
speedLimit_1331865914.avi_image6.png;speedLimit65;690;157;723;197;0,0;aiua120214-1/DataLog02142012_001_external_camera.avi;18109;speedLimit_1331865914.avi;32
speedLimit_1331865914.avi_image7.png;speedLimit65;707;147;744;195;0,0;aiua120214-1/DataLog02142012_001_external_camera.avi;18114;speedLimit_1331865914.avi;37
speedLimit_1331865914.avi_image8.png;speedLimit65;728;137;772;190;0,0;aiua120214-1/DataLog02142012_001_external_camera.avi;18119;speedLimit_1331865914.avi;42
speedLimit_1331865914.avi_image9.png;speedLimit65;758;124;808;184;0,0;aiua120214-1/DataLog02142012_001_external_camera.avi;18124;speedLimit_1331865914.avi;47
speedLimit_1331865914.avi_image10.png;speedLimit65;798;104;858;176;0,0;aiua120214-1/DataLog02142012_001_external_camera.avi;18129;speedLimit_1331865914.avi;52
speedLimit_1331865914.avi_image11.png;speedLimit65;857;74;933;165;0,0;aiua120214-1/DataLog02142012_001_external_camera.avi;18134;speedLimit_1331865914.avi;57
truckSpeedLimit_1331865930.avi_image0.png;truckSpeedLimit55;645;169;674;205;0,0;aiua120214-1/DataLog02142012_001_external_camera.avi;18317;truckSpeedLimit_1331865930.avi;2
truckSpeedLimit_1331865930.avi_image1.png;truckSpeedLimit55;659;162;691;203;0,0;aiua120214-1/DataLog02142012_001_external_camera.avi;18322;truckSpeedLimit_1331865930.avi;7
truckSpeedLimit_1331865930.avi_image2.png;truckSpeedLimit55;677;155;713;201;0,0;aiua120214-1/DataLog02142012_001_external_camera.avi;18327;truckSpeedLimit_1331865930.avi;12
truckSpeedLimit_1331865930.avi_image3.png;truckSpeedLimit55;700;147;740;196;0,0;aiua120214-1/DataLog02142012_001_external_camera.avi;18332;truckSpeedLimit_1331865930.avi;17
truckSpeedLimit_1331865930.avi_image4.png;truckSpeedLimit55;729;135;774;193;0,0;aiua120214-1/DataLog02142012_001_external_camera.avi;18337;truckSpeedLimit_1331865930.avi;22
truckSpeedLimit_1331865930.avi_image5.png;truckSpeedLimit55;765;119;822;187;0,0;aiua120214-1/DataLog02142012_001_external_camera.avi;18342;truckSpeedLimit_1331865930.avi;27
truckSpeedLimit_1331865930.avi_image6.png;truckSpeedLimit55;821;96;888;177;0,0;aiua120214-1/DataLog02142012_001_external_camera.avi;18347;truckSpeedLimit_1331865930.avi;32
truckSpeedLimit_1331865930.avi_image7.png;truckSpeedLimit55;902;62;990;163;0,0;aiua120214-1/DataLog02142012_001_external_camera.avi;18352;truckSpeedLimit_1331865930.avi;37
thruMergeLeft_1331865938.avi_image0.png;thruMergeLeft;685;144;746;206;0,0;aiua120214-1/DataLog02142012_001_external_camera.avi;18436;thruMergeLeft_1331865938.avi;2
thruMergeLeft_1331865938.avi_image1.png;thruMergeLeft;705;134;776;206;0,0;aiua120214-1/DataLog02142012_001_external_camera.avi;18441;thruMergeLeft_1331865938.avi;7
thruMergeLeft_1331865938.avi_image2.png;thruMergeLeft;735;119;815;201;0,0;aiua120214-1/DataLog02142012_001_external_camera.avi;18446;thruMergeLeft_1331865938.avi;12
thruMergeLeft_1331865938.avi_image3.png;thruMergeLeft;774;103;865;197;0,0;aiua120214-1/DataLog02142012_001_external_camera.avi;18451;thruMergeLeft_1331865938.avi;17
thruMergeLeft_1331865938.avi_image4.png;thruMergeLeft;828;81;939;193;0,0;aiua120214-1/DataLog02142012_001_external_camera.avi;18456;thruMergeLeft_1331865938.avi;22
signalAhead_1331865966.avi_image0.png;signalAhead;627;173;660;206;0,0;aiua120214-1/DataLog02142012_001_external_camera.avi;19095;signalAhead_1331865966.avi;2
signalAhead_1331865966.avi_image1.png;signalAhead;637;168;673;206;0,0;aiua120214-1/DataLog02142012_001_external_camera.avi;19100;signalAhead_1331865966.avi;7
signalAhead_1331865966.avi_image2.png;signalAhead;644;160;688;203;0,0;aiua120214-1/DataLog02142012_001_external_camera.avi;19105;signalAhead_1331865966.avi;12
signalAhead_1331865966.avi_image3.png;signalAhead;654;155;703;203;0,0;aiua120214-1/DataLog02142012_001_external_camera.avi;19110;signalAhead_1331865966.avi;17
signalAhead_1331865966.avi_image4.png;signalAhead;668;147;721;202;0,0;aiua120214-1/DataLog02142012_001_external_camera.avi;19115;signalAhead_1331865966.avi;22
signalAhead_1331865966.avi_image5.png;signalAhead;688;140;748;200;0,0;aiua120214-1/DataLog02142012_001_external_camera.avi;19120;signalAhead_1331865966.avi;27
signalAhead_1331865966.avi_image6.png;signalAhead;714;122;785;193;0,0;aiua120214-1/DataLog02142012_001_external_camera.avi;19125;signalAhead_1331865966.avi;32
signalAhead_1331865966.avi_image7.png;signalAhead;754;97;839;183;0,0;aiua120214-1/DataLog02142012_001_external_camera.avi;19130;signalAhead_1331865966.avi;37
signalAhead_1331865966.avi_image8.png;signalAhead;814;60;921;168;0,0;aiua120214-1/DataLog02142012_001_external_camera.avi;19135;signalAhead_1331865966.avi;42
rightLaneMustTurn_1331865983.avi_image0.png;rightLaneMustTurn;778;167;813;206;0,0;aiua120214-1/DataLog02142012_001_external_camera.avi;19381;rightLaneMustTurn_1331865983.avi;2
rightLaneMustTurn_1331865983.avi_image1.png;rightLaneMustTurn;808;156;845;197;0,0;aiua120214-1/DataLog02142012_001_external_camera.avi;19386;rightLaneMustTurn_1331865983.avi;7
rightLaneMustTurn_1331865983.avi_image2.png;rightLaneMustTurn;845;136;887;184;0,0;aiua120214-1/DataLog02142012_001_external_camera.avi;19391;rightLaneMustTurn_1331865983.avi;12
rightLaneMustTurn_1331865983.avi_image3.png;rightLaneMustTurn;889;129;938;183;0,0;aiua120214-1/DataLog02142012_001_external_camera.avi;19396;rightLaneMustTurn_1331865983.avi;17
rightLaneMustTurn_1331865983.avi_image4.png;rightLaneMustTurn;947;122;1002;182;0,0;aiua120214-1/DataLog02142012_001_external_camera.avi;19401;rightLaneMustTurn_1331865983.avi;22
signalAhead_1331865987.avi_image0.png;signalAhead;535;209;554;225;1,0;aiua120214-1/DataLog02142012_001_external_camera.avi;19445;signalAhead_1331865987.avi;2
signalAhead_1331865987.avi_image1.png;signalAhead;539;210;561;232;0,0;aiua120214-1/DataLog02142012_001_external_camera.avi;19478;signalAhead_1331865987.avi;35
signalAhead_1331865987.avi_image2.png;signalAhead;545;201;569;225;0,0;aiua120214-1/DataLog02142012_001_external_camera.avi;19511;signalAhead_1331865987.avi;68
signalAhead_1331865987.avi_image3.png;signalAhead;570;192;598;219;1,0;aiua120214-1/DataLog02142012_001_external_camera.avi;19544;signalAhead_1331865987.avi;101
signalAhead_1331865987.avi_image4.png;signalAhead;590;184;619;213;0,0;aiua120214-1/DataLog02142012_001_external_camera.avi;19577;signalAhead_1331865987.avi;134
signalAhead_1331865987.avi_image5.png;signalAhead;600;183;632;217;0,0;aiua120214-1/DataLog02142012_001_external_camera.avi;19610;signalAhead_1331865987.avi;167
signalAhead_1331865987.avi_image6.png;signalAhead;602;187;634;220;0,0;aiua120214-1/DataLog02142012_001_external_camera.avi;19643;signalAhead_1331865987.avi;200
signalAhead_1331865987.avi_image7.png;signalAhead;602;187;634;220;0,0;aiua120214-1/DataLog02142012_001_external_camera.avi;19676;signalAhead_1331865987.avi;233
signalAhead_1331865987.avi_image8.png;signalAhead;602;187;634;220;0,0;aiua120214-1/DataLog02142012_001_external_camera.avi;19709;signalAhead_1331865987.avi;266
signalAhead_1331865987.avi_image9.png;signalAhead;602;187;634;220;0,0;aiua120214-1/DataLog02142012_001_external_camera.avi;19742;signalAhead_1331865987.avi;299
signalAhead_1331865987.avi_image10.png;signalAhead;602;187;634;220;0,0;aiua120214-1/DataLog02142012_001_external_camera.avi;19775;signalAhead_1331865987.avi;332
signalAhead_1331865987.avi_image11.png;signalAhead;602;187;634;220;0,0;aiua120214-1/DataLog02142012_001_external_camera.avi;19808;signalAhead_1331865987.avi;365
signalAhead_1331865987.avi_image12.png;signalAhead;602;187;634;220;0,0;aiua120214-1/DataLog02142012_001_external_camera.avi;19841;signalAhead_1331865987.avi;398
signalAhead_1331865987.avi_image13.png;signalAhead;602;187;634;220;0,0;aiua120214-1/DataLog02142012_001_external_camera.avi;19874;signalAhead_1331865987.avi;431
signalAhead_1331865987.avi_image14.png;signalAhead;602;187;634;220;0,0;aiua120214-1/DataLog02142012_001_external_camera.avi;19907;signalAhead_1331865987.avi;464
signalAhead_1331865987.avi_image15.png;signalAhead;602;187;634;220;0,0;aiua120214-1/DataLog02142012_001_external_camera.avi;19940;signalAhead_1331865987.avi;497
signalAhead_1331865987.avi_image16.png;signalAhead;602;187;634;220;0,0;aiua120214-1/DataLog02142012_001_external_camera.avi;19973;signalAhead_1331865987.avi;530
signalAhead_1331865987.avi_image17.png;signalAhead;602;187;634;220;0,0;aiua120214-1/DataLog02142012_001_external_camera.avi;20006;signalAhead_1331865987.avi;563
signalAhead_1331865987.avi_image19.png;signalAhead;602;187;634;220;0,0;aiua120214-1/DataLog02142012_001_external_camera.avi;20072;signalAhead_1331865987.avi;629
signalAhead_1331865987.avi_image20.png;signalAhead;602;187;634;220;0,0;aiua120214-1/DataLog02142012_001_external_camera.avi;20105;signalAhead_1331865987.avi;662
signalAhead_1331865987.avi_image21.png;signalAhead;602;187;634;220;0,0;aiua120214-1/DataLog02142012_001_external_camera.avi;20138;signalAhead_1331865987.avi;695
signalAhead_1331865987.avi_image22.png;signalAhead;602;187;634;220;0,0;aiua120214-1/DataLog02142012_001_external_camera.avi;20171;signalAhead_1331865987.avi;728
signalAhead_1331865987.avi_image23.png;signalAhead;602;187;634;220;0,0;aiua120214-1/DataLog02142012_001_external_camera.avi;20204;signalAhead_1331865987.avi;761
signalAhead_1331865987.avi_image24.png;signalAhead;602;187;634;220;0,0;aiua120214-1/DataLog02142012_001_external_camera.avi;20237;signalAhead_1331865987.avi;794
signalAhead_1331865987.avi_image25.png;signalAhead;602;187;634;220;0,0;aiua120214-1/DataLog02142012_001_external_camera.avi;20270;signalAhead_1331865987.avi;827
signalAhead_1331865987.avi_image26.png;signalAhead;602;187;634;220;0,0;aiua120214-1/DataLog02142012_001_external_camera.avi;20303;signalAhead_1331865987.avi;860
signalAhead_1331865987.avi_image27.png;signalAhead;602;187;634;220;0,0;aiua120214-1/DataLog02142012_001_external_camera.avi;20336;signalAhead_1331865987.avi;893
signalAhead_1331865987.avi_image28.png;signalAhead;606;197;638;230;0,0;aiua120214-1/DataLog02142012_001_external_camera.avi;20369;signalAhead_1331865987.avi;926
signalAhead_1331865987.avi_image29.png;signalAhead;629;193;663;229;0,0;aiua120214-1/DataLog02142012_001_external_camera.avi;20402;signalAhead_1331865987.avi;959
pedestrianCrossing_1331866041.avi_image0.png;pedestrianCrossing;653;192;682;220;0,0;aiua120214-1/DataLog02142012_001_external_camera.avi;20604;pedestrianCrossing_1331866041.avi;2
pedestrianCrossing_1331866041.avi_image1.png;pedestrianCrossing;659;186;689;216;0,0;aiua120214-1/DataLog02142012_001_external_camera.avi;20609;pedestrianCrossing_1331866041.avi;7
pedestrianCrossing_1331866041.avi_image2.png;pedestrianCrossing;667;185;697;217;0,0;aiua120214-1/DataLog02142012_001_external_camera.avi;20614;pedestrianCrossing_1331866041.avi;12
pedestrianCrossing_1331866041.avi_image3.png;pedestrianCrossing;673;179;706;212;0,0;aiua120214-1/DataLog02142012_001_external_camera.avi;20619;pedestrianCrossing_1331866041.avi;17
pedestrianCrossing_1331866041.avi_image4.png;pedestrianCrossing;680;176;714;210;0,0;aiua120214-1/DataLog02142012_001_external_camera.avi;20624;pedestrianCrossing_1331866041.avi;22
pedestrianCrossing_1331866041.avi_image5.png;pedestrianCrossing;689;170;725;206;0,0;aiua120214-1/DataLog02142012_001_external_camera.avi;20629;pedestrianCrossing_1331866041.avi;27
pedestrianCrossing_1331866041.avi_image6.png;pedestrianCrossing;698;166;736;204;0,0;aiua120214-1/DataLog02142012_001_external_camera.avi;20634;pedestrianCrossing_1331866041.avi;32
pedestrianCrossing_1331866041.avi_image7.png;pedestrianCrossing;710;163;751;205;0,0;aiua120214-1/DataLog02142012_001_external_camera.avi;20639;pedestrianCrossing_1331866041.avi;37
pedestrianCrossing_1331866041.avi_image8.png;pedestrianCrossing;724;155;770;200;0,0;aiua120214-1/DataLog02142012_001_external_camera.avi;20644;pedestrianCrossing_1331866041.avi;42
pedestrianCrossing_1331866041.avi_image9.png;pedestrianCrossing;742;146;791;196;0,0;aiua120214-1/DataLog02142012_001_external_camera.avi;20649;pedestrianCrossing_1331866041.avi;47
pedestrianCrossing_1331866041.avi_image10.png;pedestrianCrossing;762;132;817;186;0,0;aiua120214-1/DataLog02142012_001_external_camera.avi;20654;pedestrianCrossing_1331866041.avi;52
pedestrianCrossing_1331866041.avi_image11.png;pedestrianCrossing;789;127;847;185;0,0;aiua120214-1/DataLog02142012_001_external_camera.avi;20659;pedestrianCrossing_1331866041.avi;57
pedestrianCrossing_1331866041.avi_image12.png;pedestrianCrossing;819;117;883;180;0,0;aiua120214-1/DataLog02142012_001_external_camera.avi;20664;pedestrianCrossing_1331866041.avi;62
pedestrianCrossing_1331866041.avi_image13.png;pedestrianCrossing;854;97;927;167;0,0;aiua120214-1/DataLog02142012_001_external_camera.avi;20669;pedestrianCrossing_1331866041.avi;67
pedestrianCrossing_1331866041.avi_image13.png;pedestrianCrossing;819;217;844;241;0,0;aiua120214-1/DataLog02142012_001_external_camera.avi;20669;pedestrianCrossing_1331866041.avi;67
pedestrianCrossing_1331866041.avi_image13.png;signalAhead;682;209;702;229;0,0;aiua120214-1/DataLog02142012_001_external_camera.avi;20669;pedestrianCrossing_1331866041.avi;67
pedestrianCrossing_1331866041.avi_image14.png;pedestrianCrossing;900;79;981;158;0,0;aiua120214-1/DataLog02142012_001_external_camera.avi;20674;pedestrianCrossing_1331866041.avi;72
pedestrianCrossing_1331866041.avi_image14.png;pedestrianCrossing;834;215;861;242;0,0;aiua120214-1/DataLog02142012_001_external_camera.avi;20674;pedestrianCrossing_1331866041.avi;72
pedestrianCrossing_1331866041.avi_image14.png;signalAhead;690;208;710;228;0,0;aiua120214-1/DataLog02142012_001_external_camera.avi;20674;pedestrianCrossing_1331866041.avi;72
pedestrianCrossing_1331866041.avi_image15.png;pedestrianCrossing;851;209;878;236;0,0;aiua120214-1/DataLog02142012_001_external_camera.avi;20679;pedestrianCrossing_1331866041.avi;77
pedestrianCrossing_1331866041.avi_image15.png;signalAhead;697;202;718;224;0,0;aiua120214-1/DataLog02142012_001_external_camera.avi;20679;pedestrianCrossing_1331866041.avi;77
pedestrianCrossing_1331866046.avi_image0.png;pedestrianCrossing;908;219;944;255;0,0;aiua120214-1/DataLog02142012_001_external_camera.avi;20704;pedestrianCrossing_1331866046.avi;2
pedestrianCrossing_1331866046.avi_image0.png;signalAhead;701;210;725;234;0,0;aiua120214-1/DataLog02142012_001_external_camera.avi;20704;pedestrianCrossing_1331866046.avi;2
pedestrianCrossing_1331866046.avi_image1.png;pedestrianCrossing;917;210;953;246;0,0;aiua120214-1/DataLog02142012_001_external_camera.avi;20709;pedestrianCrossing_1331866046.avi;7
pedestrianCrossing_1331866046.avi_image1.png;signalAhead;695;201;720;227;0,0;aiua120214-1/DataLog02142012_001_external_camera.avi;20709;pedestrianCrossing_1331866046.avi;7
pedestrianCrossing_1331866046.avi_image2.png;pedestrianCrossing;926;207;964;246;0,0;aiua120214-1/DataLog02142012_001_external_camera.avi;20714;pedestrianCrossing_1331866046.avi;12
pedestrianCrossing_1331866046.avi_image2.png;signalAhead;689;198;715;224;0,0;aiua120214-1/DataLog02142012_001_external_camera.avi;20714;pedestrianCrossing_1331866046.avi;12
pedestrianCrossing_1331866046.avi_image3.png;pedestrianCrossing;933;199;974;241;0,0;aiua120214-1/DataLog02142012_001_external_camera.avi;20719;pedestrianCrossing_1331866046.avi;17
pedestrianCrossing_1331866046.avi_image3.png;signalAhead;680;191;707;219;0,0;aiua120214-1/DataLog02142012_001_external_camera.avi;20719;pedestrianCrossing_1331866046.avi;17
pedestrianCrossing_1331866046.avi_image4.png;pedestrianCrossing;943;188;987;231;0,0;aiua120214-1/DataLog02142012_001_external_camera.avi;20724;pedestrianCrossing_1331866046.avi;22
pedestrianCrossing_1331866046.avi_image4.png;signalAhead;672;181;700;211;0,0;aiua120214-1/DataLog02142012_001_external_camera.avi;20724;pedestrianCrossing_1331866046.avi;22
pedestrianCrossing_1331866046.avi_image5.png;pedestrianCrossing;958;188;1005;234;0,0;aiua120214-1/DataLog02142012_001_external_camera.avi;20729;pedestrianCrossing_1331866046.avi;27
pedestrianCrossing_1331866046.avi_image5.png;signalAhead;668;183;697;213;0,0;aiua120214-1/DataLog02142012_001_external_camera.avi;20729;pedestrianCrossing_1331866046.avi;27
pedestrianCrossing_1331866046.avi_image6.png;signalAhead;673;185;704;215;0,0;aiua120214-1/DataLog02142012_001_external_camera.avi;20734;pedestrianCrossing_1331866046.avi;32
pedestrianCrossing_1331866046.avi_image7.png;signalAhead;692;176;725;208;0,0;aiua120214-1/DataLog02142012_001_external_camera.avi;20739;pedestrianCrossing_1331866046.avi;37
pedestrianCrossing_1331866046.avi_image8.png;signalAhead;731;172;764;204;0,0;aiua120214-1/DataLog02142012_001_external_camera.avi;20744;pedestrianCrossing_1331866046.avi;42
pedestrianCrossing_1331866046.avi_image9.png;signalAhead;770;167;805;203;0,0;aiua120214-1/DataLog02142012_001_external_camera.avi;20749;pedestrianCrossing_1331866046.avi;47
signalAhead_1331866051.avi_image7.png;signalAhead;911;149;957;193;0,0;aiua120214-1/DataLog02142012_001_external_camera.avi;20768;signalAhead_1331866051.avi;37
signalAhead_1331866051.avi_image8.png;signalAhead;946;148;995;197;0,0;aiua120214-1/DataLog02142012_001_external_camera.avi;20773;signalAhead_1331866051.avi;42
stop_1331866061.avi_image0.png;stop;606;184;622;201;0,0;aiua120214-1/DataLog02142012_001_external_camera.avi;20867;stop_1331866061.avi;2
stop_1331866061.avi_image0.png;stop;315;184;329;199;0,0;aiua120214-1/DataLog02142012_001_external_camera.avi;20867;stop_1331866061.avi;2
stop_1331866061.avi_image1.png;stop;608;184;624;201;0,0;aiua120214-1/DataLog02142012_001_external_camera.avi;20872;stop_1331866061.avi;7
stop_1331866061.avi_image1.png;stop;308;183;322;198;0,0;aiua120214-1/DataLog02142012_001_external_camera.avi;20872;stop_1331866061.avi;7
stop_1331866061.avi_image2.png;stop;610;182;626;199;0,0;aiua120214-1/DataLog02142012_001_external_camera.avi;20877;stop_1331866061.avi;12
stop_1331866061.avi_image2.png;stop;300;182;315;198;0,0;aiua120214-1/DataLog02142012_001_external_camera.avi;20877;stop_1331866061.avi;12
stop_1331866061.avi_image3.png;stop;612;179;628;196;0,0;aiua120214-1/DataLog02142012_001_external_camera.avi;20882;stop_1331866061.avi;17
stop_1331866061.avi_image3.png;stop;291;179;308;196;0,0;aiua120214-1/DataLog02142012_001_external_camera.avi;20882;stop_1331866061.avi;17
stop_1331866061.avi_image4.png;stop;615;177;631;194;0,0;aiua120214-1/DataLog02142012_001_external_camera.avi;20887;stop_1331866061.avi;22
stop_1331866061.avi_image4.png;stop;283;177;300;194;0,0;aiua120214-1/DataLog02142012_001_external_camera.avi;20887;stop_1331866061.avi;22
stop_1331866061.avi_image5.png;stop;617;177;633;194;0,0;aiua120214-1/DataLog02142012_001_external_camera.avi;20892;stop_1331866061.avi;27
stop_1331866061.avi_image5.png;stop;274;178;291;195;0,0;aiua120214-1/DataLog02142012_001_external_camera.avi;20892;stop_1331866061.avi;27
stop_1331866061.avi_image6.png;stop;618;174;636;193;0,0;aiua120214-1/DataLog02142012_001_external_camera.avi;20897;stop_1331866061.avi;32
stop_1331866061.avi_image6.png;stop;263;175;281;194;0,0;aiua120214-1/DataLog02142012_001_external_camera.avi;20897;stop_1331866061.avi;32
stop_1331866061.avi_image7.png;stop;621;173;640;193;0,0;aiua120214-1/DataLog02142012_001_external_camera.avi;20902;stop_1331866061.avi;37
stop_1331866061.avi_image7.png;stop;252;174;272;194;0,0;aiua120214-1/DataLog02142012_001_external_camera.avi;20902;stop_1331866061.avi;37
stop_1331866061.avi_image8.png;stop;625;175;643;197;0,0;aiua120214-1/DataLog02142012_001_external_camera.avi;20907;stop_1331866061.avi;42
stop_1331866061.avi_image8.png;stop;240;176;260;196;0,0;aiua120214-1/DataLog02142012_001_external_camera.avi;20907;stop_1331866061.avi;42
stop_1331866061.avi_image9.png;stop;628;174;646;196;0,0;aiua120214-1/DataLog02142012_001_external_camera.avi;20912;stop_1331866061.avi;47
stop_1331866061.avi_image9.png;stop;228;174;249;195;0,0;aiua120214-1/DataLog02142012_001_external_camera.avi;20912;stop_1331866061.avi;47
stop_1331866061.avi_image10.png;stop;631;168;651;190;0,0;aiua120214-1/DataLog02142012_001_external_camera.avi;20917;stop_1331866061.avi;52
stop_1331866061.avi_image10.png;stop;214;168;236;190;0,0;aiua120214-1/DataLog02142012_001_external_camera.avi;20917;stop_1331866061.avi;52
stop_1331866061.avi_image11.png;stop;632;165;654;190;0,0;aiua120214-1/DataLog02142012_001_external_camera.avi;20922;stop_1331866061.avi;57
stop_1331866061.avi_image11.png;stop;197;164;220;188;0,0;aiua120214-1/DataLog02142012_001_external_camera.avi;20922;stop_1331866061.avi;57
stop_1331866061.avi_image12.png;stop;634;164;659;189;0,0;aiua120214-1/DataLog02142012_001_external_camera.avi;20927;stop_1331866061.avi;62
stop_1331866061.avi_image12.png;stop;179;163;203;189;0,0;aiua120214-1/DataLog02142012_001_external_camera.avi;20927;stop_1331866061.avi;62
stop_1331866061.avi_image13.png;stop;636;161;662;187;0,0;aiua120214-1/DataLog02142012_001_external_camera.avi;20932;stop_1331866061.avi;67
stop_1331866061.avi_image13.png;stop;159;161;184;189;0,0;aiua120214-1/DataLog02142012_001_external_camera.avi;20932;stop_1331866061.avi;67
stop_1331866061.avi_image14.png;stop;641;161;668;188;0,0;aiua120214-1/DataLog02142012_001_external_camera.avi;20937;stop_1331866061.avi;72
stop_1331866061.avi_image14.png;stop;140;161;167;189;0,0;aiua120214-1/DataLog02142012_001_external_camera.avi;20937;stop_1331866061.avi;72
stop_1331866061.avi_image15.png;stop;648;158;677;188;0,0;aiua120214-1/DataLog02142012_001_external_camera.avi;20942;stop_1331866061.avi;77
stop_1331866061.avi_image15.png;stop;122;159;150;190;0,0;aiua120214-1/DataLog02142012_001_external_camera.avi;20942;stop_1331866061.avi;77
stop_1331866061.avi_image16.png;stop;657;156;687;187;0,0;aiua120214-1/DataLog02142012_001_external_camera.avi;20947;stop_1331866061.avi;82
stop_1331866061.avi_image16.png;stop;101;157;131;188;0,0;aiua120214-1/DataLog02142012_001_external_camera.avi;20947;stop_1331866061.avi;82
stop_1331866061.avi_image17.png;stop;667;150;698;184;0,0;aiua120214-1/DataLog02142012_001_external_camera.avi;20952;stop_1331866061.avi;87
stop_1331866061.avi_image17.png;stop;79;153;111;186;0,0;aiua120214-1/DataLog02142012_001_external_camera.avi;20952;stop_1331866061.avi;87
stop_1331866061.avi_image18.png;stop;678;147;710;182;0,0;aiua120214-1/DataLog02142012_001_external_camera.avi;20957;stop_1331866061.avi;92
stop_1331866061.avi_image18.png;stop;55;150;88;183;0,0;aiua120214-1/DataLog02142012_001_external_camera.avi;20957;stop_1331866061.avi;92
stop_1331866061.avi_image19.png;stop;690;141;724;178;0,0;aiua120214-1/DataLog02142012_001_external_camera.avi;20962;stop_1331866061.avi;97
stop_1331866061.avi_image19.png;stop;27;146;62;182;0,0;aiua120214-1/DataLog02142012_001_external_camera.avi;20962;stop_1331866061.avi;97
stop_1331866061.avi_image20.png;stop;703;135;741;175;0,0;aiua120214-1/DataLog02142012_001_external_camera.avi;20967;stop_1331866061.avi;102
stop_1331866061.avi_image21.png;stop;719;128;759;169;0,0;aiua120214-1/DataLog02142012_001_external_camera.avi;20972;stop_1331866061.avi;107
stop_1331866061.avi_image22.png;stop;736;122;778;167;0,0;aiua120214-1/DataLog02142012_001_external_camera.avi;20977;stop_1331866061.avi;112
stop_1331866061.avi_image23.png;stop;756;117;801;165;0,0;aiua120214-1/DataLog02142012_001_external_camera.avi;20982;stop_1331866061.avi;117
stop_1331866061.avi_image24.png;stop;777;109;827;161;0,0;aiua120214-1/DataLog02142012_001_external_camera.avi;20987;stop_1331866061.avi;122
stop_1331866061.avi_image25.png;stop;803;99;856;155;0,0;aiua120214-1/DataLog02142012_001_external_camera.avi;20992;stop_1331866061.avi;127
stop_1331866061.avi_image26.png;stop;831;91;891;153;0,0;aiua120214-1/DataLog02142012_001_external_camera.avi;20997;stop_1331866061.avi;132
stop_1331866061.avi_image27.png;stop;865;77;931;144;0,0;aiua120214-1/DataLog02142012_001_external_camera.avi;21002;stop_1331866061.avi;137
stop_1331866061.avi_image28.png;stop;904;60;978;135;0,0;aiua120214-1/DataLog02142012_001_external_camera.avi;21007;stop_1331866061.avi;142
speedLimit_1331866076.avi_image0.png;speedLimit30;905;123;949;175;0,0;aiua120214-1/DataLog02142012_001_external_camera.avi;21236;speedLimit_1331866076.avi;2
speedLimit_1331866076.avi_image1.png;speedLimit30;915;109;961;163;0,0;aiua120214-1/DataLog02142012_001_external_camera.avi;21241;speedLimit_1331866076.avi;7
speedLimit_1331866076.avi_image2.png;speedLimit30;935;95;985;154;0,0;aiua120214-1/DataLog02142012_001_external_camera.avi;21246;speedLimit_1331866076.avi;12
speedLimit_1331866076.avi_image3.png;speedLimit30;964;77;1020;143;0,0;aiua120214-1/DataLog02142012_001_external_camera.avi;21251;speedLimit_1331866076.avi;17
